program,organization,official_url,fetch_result,requirements,requirements_source_url,stated_cost,cost_source_url,public_directory_listing,listing_includes_link,basis_on_peregrine_site,caveats,date_checked,confidence
"RESO membership, Class B (technology companies, developers, consultants)",Real Estate Standards Organization (RESO),https://www.reso.org/membership/,HTTP 200 (https://www.reso.org/join/ redirects here),"Quote: ""Technology companies, developers, partners, consultants or companies providing services to the real estate industry are eligible for Class B membership."" Quote: ""the applicant hereby agrees to accept and abide by the Bylaws and Member Intellectual Property Rights Agreement (MIPRA)"". Revenue is ""self-reported and subject to verification if requested"".",https://www.reso.org/membership/,"Class B annual dues by gross annual revenue: $0-$999,999: $550; $1M-$4,999,999: $2,750; $5M-$9,999,999: $8,250; $10M-$24,999,999: $17,250; $25M-$99,999,999: $30,000; $100M-$999,999,999: $40,000; $1B+: $50,000. Quote: ""Membership terms match the calendar year. Dues are billed for one full year"".",https://www.reso.org/membership/,"Yes: the 'RESO Members List' on the same page names Class B members under 'Technology Companies, Developers, Partners & Consultants'.",Not observed: member names were plain text in the HTML fetched (8 external links on the whole page).,/services/mls-idx-integration and the MLS guides describe RESO Web API and Data Dictionary work.,"Membership is not certification: RESO certifies MLS data services, not development firms. Say 'RESO member', never 'RESO certified'. Dues tier depends on Peregrine's revenue, which only the owner knows.",2026-10-10,high
MLS Grid data consumer (vendor) account,MLS Grid,https://www.mlsgrid.com/resources,"HTTP 200 (also fetched: /faq, /vendors)","Quote (FAQ): ""The MLS Grid will require every party with access to the data provided to review and accept the terms of the license agreement through the MLS Grid online licensing portal."" One Master Data License Agreement covers IDX, VOW and back-office use; an AI Use Addendum applies ""if you intend to utilize MLS Data with AI"". The consumer guide describes creating a data subscription and adding a first broker/agent customer.",https://www.mlsgrid.com/faq ; https://www.mlsgrid.com/resources,"No MLS Grid fee amount published. Quote: ""You will only pay the license fee required by your MLS to access data. The MLS Grid will collect any license fee required by participating MLSs on their behalf."" Fees are per MLS.",https://www.mlsgrid.com/faq,"Possibly: /vendors lists about 90 named vendors. Quote: ""Below are just some of the Vendors using the MLS Grid!"" No criteria for inclusion are published.","Yes for listed vendors. Quote: ""Click on any of the Vendors below to visit their website"".",/services/mls-idx-integration; guides cite docs.mlsgrid.com.,"A licence needs a broker or agent customer who belongs to a participating MLS; a development firm cannot license listing data for itself. The vendor list is selective, so a listing cannot be assumed.",2026-10-10,medium
Trestle Technology Provider account,Cotality (formerly CoreLogic),https://trestle-documentation.corelogic.com/support/faq/,"HTTP 200 (https://trestle.corelogic.com/ redirects to https://www.cotality.com/products/trestle, HTTP 200)","Quote: ""Register for an account at https://www.cotality.com/products/trestle. Follow the steps to create a Technology Provider account (or Broker account if appropriate). Then click 'ADD MLO CONNECTION' to begin the data request workflow."" Quote: ""MLOs typically require a real estate broker or agent to ratify the contract or require the technology provider to submit a periodic report that shows which members are using its service."" Quote: ""It is very unlikely that an MLO will license data to a company that does not intend to use it to provide a value-added service back to its members.""",https://trestle-documentation.corelogic.com/support/faq/,"Two charges per connection: a Trestle platform fee and an MLO licence fee that ""varies greatly by market"". Platform fee per connection per month, all RESO feeds, by tier: Small (up to 50 contracts) $100; Medium (51-100) $110; Large (101-500) $125; X-Large (501-1,000) $150; XX-Large $175. Quote: ""Effective January 2027 the connection fee Cotality charges to Technology Providers will increase 5% across all Tiers"" ($105 / $115 / $131 / $157 / $183).",https://trestle-documentation.corelogic.com/support/faq/,Not stated on the pages fetched.,not applicable,/services/mls-idx-integration; the cost guide cites trestle-documentation.corelogic.com/data-pricing.html.,Each MLS (MLO) approves each connection; an account alone gives no data. Fees quoted here are Cotality's own published figures on the day checked.,2026-10-10,high
Bridge API developer access,Bridge Interactive (Zillow Group),https://www.bridgeinteractive.com/developers/bridge-api/,HTTP 200 (https://bridgedataoutput.com/ redirects to a login page),"Quote: ""Your dashboard allows you to request data access from our Multiple Listing Service (MLS) customers"". Access starts ""As soon as access is approved"" by the MLS. Getting an account goes through a contact form or the login site (not attempted).",https://www.bridgeinteractive.com/developers/bridge-api/,"Quote: ""We do not charge service fees or force you into unnecessary contracts to get data access from our MLS customers. License agreements and fees are between you and your data provider.""",https://www.bridgeinteractive.com/developers/bridge-api/,Not stated on the pages fetched.,not applicable,/services/mls-idx-integration; guides cite bridgedataoutput.com/docs/platform/.,Per-MLS approval and per-MLS fees still apply. No partner or vendor directory was found on bridgeinteractive.com.,2026-10-10,high
Stellar MLS data delivery (vendor / custom development),Stellar MLS,https://www.stellarmls.com/data-delivery,HTTP 200,"Quote: ""Requirements: A three party agreement between the Broker, Vendor (in-house developer) and Stellar MLS. Ability to demonstrate a fully working application or product."" Quote: ""Vendors - An individual agreement is required for each Broker you are working with."" Access is through MLS Grid or Bridge API; the process starts with Stellar's online questionnaire (not opened or submitted).",https://www.stellarmls.com/data-delivery,"Quote, under custom development (Firm Internal Use): ""A fee of $450 annually per office, capped at $7,500."" No fee is stated on the page for IDX feeds.",https://www.stellarmls.com/data-delivery,Not stated on the page fetched.,not applicable,The cost guide and calculator already cite this page and this fee.,"Requires a Stellar MLS broker as the customer and a working product to demonstrate. The $450 / $7,500 figure is for one feed type; do not generalize it.",2026-10-10,high
ARMLS vendor data feed and Preferred Vendor,Arizona Regional MLS (ARMLS),https://armls.com/data-feeds-vendor-info,HTTP 200,"Quote: ""All applications for new data feeds are submitted through Intake Forms powered by ContractSafe."" Quote: ""Vendors create products used by ARMLS subscribers that incorporate ARMLS data."" Quote: ""If you or your consultant support multiple ARMLS subscribers, consider becoming an ARMLS Preferred Vendor. This allows use of a single feed across multiple clients."" Preferred Vendor criteria are not published on the page (contact Contract Administration).",https://armls.com/data-feeds-vendor-info,"Quote: ""Typical vendor pricing ranges from $1,000 - $1,500 per product, per month, depending on the dataset requested."" Broker feeds: ""Each brokerage receives five (5) free feeds""; ""Additional feeds: $150/month per feed""; ""VOW feeds: $150/month"".",https://armls.com/data-feeds-vendor-info,"Yes. Quote: ""A list of approved vendors is available on the Products Page under third-party / IDX products.""",Could not verify: the Products page was not fetched.,/services/mls-idx-integration; guides cite this page.,Vendor pricing is the highest of the MLSs checked; only worth it with ARMLS clients in hand. A broker-controlled feed for one client does not need vendor status.,2026-10-10,high
NTREIS authorized vendor,North Texas Real Estate Information Services (NTREIS),https://ntreis.net/data/,"HTTP 200 (also https://ntreis.net/data/accessing-ntreis-data-vendors/, HTTP 200)","Quote: ""If your vendor isn't on the list, they can apply to become an authorized NTREIS vendor through our application process."" Quote: ""Our team reviews the application, intended use case, and applicable compliance requirements. Once approved, you'll need to sign the licensing agreement and pay any applicable fees"". Vendors page: complete the NTREIS RETS Vendor Agreement and an Addendum to Access Agreement; ""You must have at least one NTREIS subscriber as a customer prior to receiving your RETS credentials.""",https://ntreis.net/data/ ; https://ntreis.net/data/accessing-ntreis-data-vendors/,"Quote: ""New vendor setups are charged a one-time $500 setup fee."" Quote: ""vendors are charged $36 per client per month, capped at $2,400 (66 clients)."" Quote: ""Brokers are not charged for IDX/VOW feeds"".",https://ntreis.net/data/,Yes: a 'list of authorized vendors' is linked from the page as a downloadable document.,Could not verify: the document was not downloaded.,/services/mls-idx-integration.,"The vendors sub-page still describes RETS while the main page offers application through Trestle: the two pages are not consistent, so confirm the current process with NTREIS before relying on either. Needs one NTREIS subscriber as a customer first.",2026-10-10,medium
REcolorado data licensing (vendor),REcolorado,https://recolorado.com/data/,"HTTP 200 (also https://recolorado.com/industry-partners/, HTTP 200)","Quote: ""All new data customers may request data access by completing a license agreement in Bridge Interactive."" Steps: create a Bridge account; ""Create an application that describes your product and intended use case(s)""; ""REcolorado will review your request and provide the appropriate license agreement based on your use case. Complete the required agreement and questionnaire in Bridge."" A PDAP feed needs ""a three-party PDAP license agreement that includes the vendor"".",https://recolorado.com/data/,"not published on this page (the page says to contact the Data Licensing team for pricing). The site's cost guide cites a separate Participant Pricing Schedule PDF, which answered HTTP 200 in today's link check; its content was not re-read for this row.",https://recolorado.com/data/,"Not stated. The Industry Partners page covers MLS data shares and product partnerships by contact, not a vendor directory.",not applicable,/services/mls-idx-integration; the cost guide cites REcolorado's pricing schedule.,Access is through Bridge only for new customers.,2026-10-10,medium
"Odoo official partner (Learning, Ready, Silver, Gold)",Odoo S.A.,https://www.odoo.com/become-a-partner,HTTP 200,"Tier table: new Odoo Enterprise users per year: Ready 10, Silver 75, Gold 300 (none for Learning); certified active internal resources: Ready 1, Silver 3, Gold 6; minimum retention rate: Silver 70%, Gold 80%. Commitments listed: ""Obtain Odoo Certification"", ""Assign dedicated resources to Odoo projects"", ""Become the 1st level of support for your clients"", ""Promote Odoo in your region"".",https://www.odoo.com/become-a-partner,"Shown in Indian rupees to this request (the page localizes price by visitor country): Learning ""32,245.00 Rs""; Ready, Silver & Gold ""161,229.00 Rs"". No USD figure was shown and the billing period is not stated in the text fetched.",https://www.odoo.com/become-a-partner,"Yes for official partners: 'Visibility on Odoo's website' is a listed benefit; in the flattened comparison table that row carries one dash, most likely for the Learning tier (unconfirmed).",Could not verify (the partner directory itself was not fetched).,/services/odoo-erp and /blog/odoo-implementation-cost.,"Tier requirements are sales targets (new Enterprise users per year), so this is a reseller commitment, not a badge. BLOCKERS B6: Odoo capabilities on the site are not yet owner-verified; do not apply or claim partnership before that. Table layout was flattened by text extraction: re-read the page before quoting the Learning-tier exclusions.",2026-10-10,medium
Shopify Partner Program (Registered tier) and Partner Directory,Shopify,https://help.shopify.com/en/partners/partner-program/about,"HTTP 200 (also https://www.shopify.com/partners and https://help.shopify.com/en/partners/grow-your-business/partner-directory/join, HTTP 200)","Program: benefits ""are available to all partners upon acceptance of the Shopify Partner Program Agreement""; ""All partners begin on the Registered tier."" Directory: ""Plus tier is the minimum tier for guaranteed directory eligibility""; Plus needs referral and co-sell revenue ""Equal to or greater than $500k USD annual revenue to Shopify"" or existing-merchant revenue of $2.5M USD, and ""2 Plus/Enterprise merchant shops, or 40 Standard merchant shops"", plus ""A minimum of 10 Shopify Verified Skills"" across ""At least 3 people"". ""A limited number of Registered tier partners are also eligible for a directory listing"" by invitation.",https://help.shopify.com/en/partners/partner-program/about ; https://help.shopify.com/en/partners/grow-your-business/partner-directory/join,"Quote: ""The Shopify Partner Program is a global partner community that is free to join"".",https://help.shopify.com/en/partners/partner-program/about,"Not at the Registered tier, except by invitation. Directory listing is tied to Plus tier or above.",Could not verify (no directory profile was opened).,/services/shopify-development (capability page).,Joining is free and truthful; a directory listing is out of reach until the revenue and skills thresholds are met. BLOCKERS B5: no Shopify project evidence on the site yet. The 'Shopify Experts' brand was retired in December 2023 and must not be used.,2026-10-10,high
Vercel Solution Partner,Vercel,https://vercel.com/partners,"HTTP 200 (also https://vercel.com/partners/solution-partners, HTTP 200)","Quote: ""Solution partners: For agencies, consultancies, and system integrators"". The page offers 'Apply now'; no eligibility criteria, tier thresholds or certification requirements are published on the pages fetched. The partner finder shows tiers (Platinum, Gold and others) and a project count per partner.",https://vercel.com/partners,not published,https://vercel.com/partners,"Yes for accepted partners: benefits include ""an expert listing, referrals, and more""; the Solution Partners page says ""Choose from 114 partners"", each with a profile page.",Could not verify whether a profile links to the partner's site (no profile page was opened).,/services/nextjs-development and /services/react-development; this site runs on Next.js and Vercel.,"Requirements are not public, so eligibility cannot be judged from the page. The listed partners are mostly large agencies.",2026-10-10,low
Clutch company listing,Clutch,https://clutch.co/get-listed,could not verify: HTTP 403 on https://clutch.co/get-listed and on https://clutch.co/ (the site refuses automated requests),could not verify,https://clutch.co/get-listed,could not verify,https://clutch.co/get-listed,could not verify,could not verify,Guides already cite Clutch pricing pages as sources.,Check by hand in a browser. Nothing in this row is from Clutch's page.,2026-10-10,none
GoodFirms company listing (free),GoodFirms,https://www.goodfirms.co/get-listed,HTTP 200,"Quote: ""Apply for free listing""; ""4-Step Research Verification by the Goodfirms research team""; ""23% acceptance rate"". Sponsor plans are open to ""B2B service companies and software vendors"".",https://www.goodfirms.co/get-listed,"Quote: ""Free $0 / forever. No card required"". ""PRO $49 / month. Billed annually at $588/year"". Sponsors: ""Pricing Available on Request"".",https://www.goodfirms.co/get-listed,"Yes: ""Public Company Profile with portfolio, case studies, verified reviews & star ratings"".","Not stated for the free plan; the page lists ""link insertion"" among benefits that grow with sponsorship tiers, so a link on a free profile cannot be assumed.",Company and service pages; case studies could populate the portfolio.,Reviews must come from real clients who agree to give them; none may be written or solicited in a way the client has not approved. Ranking on the site is partly paid (sponsorship).,2026-10-10,medium
